{
  "2": {
    "mean": 0.6312858700752259,
    "min": 0.6311104893684387,
    "max": 0.6313297152519226
  },
  "3": {
    "mean": 0.5719696283340454,
    "min": 0.5719696283340454,
    "max": 0.5719696283340454
  },
  "4": {
    "mean": 0.5435041904449462,
    "min": 0.5433003902435303,
    "max": 0.543715238571167
  },
  "5": {
    "mean": 0.5131743550300598,
    "min": 0.5120209455490112,
    "max": 0.5137500166893005
  },
  "6": {
    "mean": 0.32554756402969365,
    "min": 0.3172265589237213,
    "max": 0.3310680091381073
  },
  "7": {
    "mean": 0.32183953523635866,
    "min": 0.3198654353618622,
    "max": 0.32277706265449524
  },
  "8": {
    "mean": 0.325498628616333,
    "min": 0.322096049785614,
    "max": 0.32905349135398865
  },
  "9": {
    "mean": 0.31740763187408444,
    "min": 0.28057438135147095,
    "max": 0.3341189920902252
  },
  "10": {
    "mean": 0.29295399188995364,
    "min": 0.22703507542610168,
    "max": 0.332949697971344
  },
  "11": {
    "mean": 0.2679572969675064,
    "min": 0.22102338075637817,
    "max": 0.33478274941444397
  },
  "12": {
    "mean": 0.2250945687294006,
    "min": 0.21500332653522491,
    "max": 0.2351149618625641
  },
  "13": {
    "mean": 0.22119130194187164,
    "min": 0.2119513601064682,
    "max": 0.23212991654872894
  },
  "14": {
    "mean": 0.2179209798574448,
    "min": 0.20214664936065674,
    "max": 0.23949392139911652
  },
  "15": {
    "mean": 0.20201039910316465,
    "min": 0.19400601089000702,
    "max": 0.20983685553073883
  },
  "16": {
    "mean": 0.20078639686107635,
    "min": 0.19564972817897797,
    "max": 0.21145941317081451
  },
  "17": {
    "mean": 0.1948828399181366,
    "min": 0.18788379430770874,
    "max": 0.20396552979946136
  },
  "18": {
    "mean": 0.18694835901260376,
    "min": 0.16943903267383575,
    "max": 0.2240358144044876
  },
  "19": {
    "mean": 0.18480079770088195,
    "min": 0.17756959795951843,
    "max": 0.1998232752084732
  },
  "20": {
    "mean": 0.183906888961792,
    "min": 0.1414361596107483,
    "max": 0.20985513925552368
  }
}