{
  "2": {
    "mean": 0.6395677924156188,
    "min": 0.6395677924156189,
    "max": 0.6395677924156189
  },
  "3": {
    "mean": 0.5830017924308777,
    "min": 0.5828366279602051,
    "max": 0.5830338597297668
  },
  "4": {
    "mean": 0.5520917415618897,
    "min": 0.5515853762626648,
    "max": 0.5546566247940063
  },
  "5": {
    "mean": 0.5244633436203003,
    "min": 0.5240890979766846,
    "max": 0.5246737599372864
  },
  "6": {
    "mean": 0.3770534485578537,
    "min": 0.34830984473228455,
    "max": 0.3812810778617859
  },
  "7": {
    "mean": 0.34305011928081514,
    "min": 0.3372150957584381,
    "max": 0.3466188311576843
  },
  "8": {
    "mean": 0.3421692162752151,
    "min": 0.33698615431785583,
    "max": 0.34890908002853394
  },
  "9": {
    "mean": 0.3310512810945511,
    "min": 0.2833053469657898,
    "max": 0.3566654324531555
  },
  "10": {
    "mean": 0.2458641767501831,
    "min": 0.24440300464630127,
    "max": 0.24770548939704895
  },
  "11": {
    "mean": 0.24811785370111467,
    "min": 0.2456737756729126,
    "max": 0.25678473711013794
  },
  "12": {
    "mean": 0.2460070103406906,
    "min": 0.24062544107437134,
    "max": 0.24821048974990845
  },
  "13": {
    "mean": 0.24216973930597305,
    "min": 0.2362385243177414,
    "max": 0.24869978427886963
  },
  "14": {
    "mean": 0.23801849335432054,
    "min": 0.22143034636974335,
    "max": 0.24756549298763275
  },
  "15": {
    "mean": 0.2318735897541046,
    "min": 0.20926614105701447,
    "max": 0.24550752341747284
  },
  "16": {
    "mean": 0.22020306587219243,
    "min": 0.2024567723274231,
    "max": 0.2375510036945343
  },
  "17": {
    "mean": 0.21525382101535798,
    "min": 0.19357717037200928,
    "max": 0.2417687028646469
  },
  "18": {
    "mean": 0.2065121039748192,
    "min": 0.16584360599517822,
    "max": 0.23785968124866486
  },
  "19": {
    "mean": 0.20510882139205933,
    "min": 0.1797107607126236,
    "max": 0.23975901305675507
  },
  "20": {
    "mean": 0.1994863107800484,
    "min": 0.17214585840702057,
    "max": 0.20727144181728363
  }
}