{
  "2": {
    "mean": 0.41928793609142273,
    "min": 0.40587425231933594,
    "max": 0.4208323061466217
  },
  "3": {
    "mean": 0.4514908272027971,
    "min": 0.44423171877861023,
    "max": 0.4536478519439697
  },
  "4": {
    "mean": 0.42590338528156296,
    "min": 0.42367708683013916,
    "max": 0.4276909828186035
  },
  "5": {
    "mean": 0.4112909191846848,
    "min": 0.2917358875274658,
    "max": 0.4227207601070404
  },
  "6": {
    "mean": 0.20105621963739398,
    "min": 0.14546839892864227,
    "max": 0.32383209466934204
  },
  "7": {
    "mean": 0.18081180244684217,
    "min": 0.1535237729549408,
    "max": 0.2233601063489914
  },
  "8": {
    "mean": 0.16331203520298004,
    "min": 0.1407727301120758,
    "max": 0.20309044420719147
  },
  "9": {
    "mean": 0.16327513486146922,
    "min": 0.14260302484035492,
    "max": 0.1833098828792572
  },
  "10": {
    "mean": 0.15874711126089097,
    "min": 0.1356796771287918,
    "max": 0.18425308167934418
  },
  "11": {
    "mean": 0.16106278955936432,
    "min": 0.128143772482872,
    "max": 0.19151125848293304
  },
  "12": {
    "mean": 0.15214407712221148,
    "min": 0.0972491204738617,
    "max": 0.18313151597976685
  },
  "13": {
    "mean": 0.1432874293625355,
    "min": 0.07490285485982895,
    "max": 0.17470020055770874
  },
  "14": {
    "mean": 0.13238079413771633,
    "min": 0.08908944576978683,
    "max": 0.17752788960933685
  },
  "15": {
    "mean": 0.12353397920727732,
    "min": 0.08204083144664764,
    "max": 0.1813644915819168
  },
  "16": {
    "mean": 0.11313824713230135,
    "min": 0.05630539357662201,
    "max": 0.17413826286792755
  },
  "17": {
    "mean": 0.09651241205632685,
    "min": 0.051256321370601654,
    "max": 0.15317630767822266
  },
  "18": {
    "mean": 0.10099928736686706,
    "min": 0.05481356382369995,
    "max": 0.15898212790489197
  },
  "19": {
    "mean": 0.09471951328217983,
    "min": 0.042491693049669266,
    "max": 0.14715896546840668
  },
  "20": {
    "mean": 0.08622766092419624,
    "min": 0.04074622690677643,
    "max": 0.14359043538570404
  },
  "21": {
    "mean": 0.08063694443553684,
    "min": 0.026988303288817406,
    "max": 0.1342853158712387
  },
  "22": {
    "mean": 0.07720305599272254,
    "min": 0.04796815663576126,
    "max": 0.1241011694073677
  },
  "23": {
    "mean": 0.0758329612761736,
    "min": 0.047186583280563354,
    "max": 0.1258435845375061
  },
  "24": {
    "mean": 0.06918875373899938,
    "min": 0.035131726413965225,
    "max": 0.1188482865691185
  },
  "25": {
    "mean": 0.07465326614677906,
    "min": 0.0314328707754612,
    "max": 0.12693975865840912
  },
  "26": {
    "mean": 0.06566608704626561,
    "min": 0.031510427594184875,
    "max": 0.10848233848810196
  },
  "27": {
    "mean": 0.06100057758390904,
    "min": 0.02792031690478325,
    "max": 0.10672828555107117
  },
  "28": {
    "mean": 0.05948543466627599,
    "min": 0.035580772906541824,
    "max": 0.09168566763401031
  },
  "29": {
    "mean": 0.05777810417115687,
    "min": 0.03879523277282715,
    "max": 0.09244110435247421
  },
  "30": {
    "mean": 0.055320743136107915,
    "min": 0.030399182811379433,
    "max": 0.09146960079669952
  },
  "31": {
    "mean": 0.05302190102636815,
    "min": 0.017927728593349457,
    "max": 0.08884507417678833
  },
  "32": {
    "mean": 0.05187987476587297,
    "min": 0.028153445571660995,
    "max": 0.1022065207362175
  },
  "33": {
    "mean": 0.05086098451167345,
    "min": 0.020243413746356964,
    "max": 0.07797077298164368
  },
  "34": {
    "mean": 0.050850231610238564,
    "min": 0.020695466548204422,
    "max": 0.0863780602812767
  },
  "35": {
    "mean": 0.05215550400316715,
    "min": 0.029399637132883072,
    "max": 0.09049338847398758
  },
  "36": {
    "mean": 0.04925653263926507,
    "min": 0.014491884037852287,
    "max": 0.08811162412166595
  },
  "37": {
    "mean": 0.04286261718720197,
    "min": 0.014705225825309753,
    "max": 0.07891477644443512
  },
  "38": {
    "mean": 0.045819418430328364,
    "min": 0.017517821863293648,
    "max": 0.06866328418254852
  },
  "39": {
    "mean": 0.042262761965394025,
    "min": 0.018571892753243446,
    "max": 0.06370328366756439
  },
  "40": {
    "mean": 0.0435539535805583,
    "min": 0.02034953236579895,
    "max": 0.0691760703921318
  },
  "41": {
    "mean": 0.04172905132174491,
    "min": 0.01974850706756115,
    "max": 0.08893577754497528
  },
  "42": {
    "mean": 0.04193909503519535,
    "min": 0.01620353013277054,
    "max": 0.07416200637817383
  },
  "43": {
    "mean": 0.03963170785456895,
    "min": 0.021385468542575836,
    "max": 0.05973360687494278
  },
  "44": {
    "mean": 0.037498429156839846,
    "min": 0.015125101432204247,
    "max": 0.06338810920715332
  },
  "45": {
    "mean": 0.04237856451421976,
    "min": 0.018564283847808838,
    "max": 0.06465408205986023
  },
  "46": {
    "mean": 0.040332788415253173,
    "min": 0.01532740704715252,
    "max": 0.07589070498943329
  },
  "47": {
    "mean": 0.03489030361175537,
    "min": 0.020499734207987785,
    "max": 0.05867505073547363
  },
  "48": {
    "mean": 0.03628834106028079,
    "min": 0.02025952748954296,
    "max": 0.05819189175963402
  },
  "49": {
    "mean": 0.034352678619325144,
    "min": 0.019398773089051247,
    "max": 0.053899895399808884
  },
  "50": {
    "mean": 0.03235703274607658,
    "min": 0.015752490609884262,
    "max": 0.05588831007480621
  },
  "51": {
    "mean": 0.03608786977827551,
    "min": 0.021439416334033012,
    "max": 0.07373620569705963
  },
  "52": {
    "mean": 0.033764810636639594,
    "min": 0.018661830574274063,
    "max": 0.053932640701532364
  },
  "53": {
    "mean": 0.03479829940944909,
    "min": 0.016037331894040108,
    "max": 0.05634148791432381
  },
  "54": {
    "mean": 0.031733941454440355,
    "min": 0.01402879599481821,
    "max": 0.05727720633149147
  },
  "55": {
    "mean": 0.032573164496570835,
    "min": 0.014588325284421444,
    "max": 0.05373569205403328
  },
  "56": {
    "mean": 0.030160307157784706,
    "min": 0.015495897270739079,
    "max": 0.04710429534316063
  },
  "57": {
    "mean": 0.03073521360754967,
    "min": 0.013781018555164337,
    "max": 0.05634951964020729
  },
  "58": {
    "mean": 0.029850420020520685,
    "min": 0.01319175399839878,
    "max": 0.06228514760732651
  },
  "59": {
    "mean": 0.02724577236920595,
    "min": 0.01564801298081875,
    "max": 0.04670533910393715
  },
  "60": {
    "mean": 0.028406703956425187,
    "min": 0.017981378361582756,
    "max": 0.05471162125468254
  },
  "61": {
    "mean": 0.028146307319402698,
    "min": 0.016317855566740036,
    "max": 0.04918637499213219
  },
  "62": {
    "mean": 0.028696029670536513,
    "min": 0.016816511750221252,
    "max": 0.051694177091121674
  },
  "63": {
    "mean": 0.028463509865105156,
    "min": 0.018635813146829605,
    "max": 0.0483279675245285
  },
  "64": {
    "mean": 0.028028726428747163,
    "min": 0.017747392877936363,
    "max": 0.052584778517484665
  },
  "65": {
    "mean": 0.028455463536083705,
    "min": 0.017887229099869728,
    "max": 0.06016508862376213
  },
  "66": {
    "mean": 0.026811075322330003,
    "min": 0.015626324340701103,
    "max": 0.04336337000131607
  },
  "67": {
    "mean": 0.028231623396277432,
    "min": 0.017740605399012566,
    "max": 0.05978153273463249
  },
  "68": {
    "mean": 0.02522916961461305,
    "min": 0.01686738058924675,
    "max": 0.03521355241537094
  },
  "69": {
    "mean": 0.02556272543966771,
    "min": 0.015813428908586502,
    "max": 0.05699186027050018
  },
  "70": {
    "mean": 0.025643357317894702,
    "min": 0.015205261297523975,
    "max": 0.04111649841070175
  },
  "71": {
    "mean": 0.025281974636018275,
    "min": 0.014125356450676918,
    "max": 0.040337689220905304
  },
  "72": {
    "mean": 0.026190694533288473,
    "min": 0.015021811239421368,
    "max": 0.045042648911476135
  },
  "73": {
    "mean": 0.027023994699120518,
    "min": 0.016183171421289444,